{
    "loss": 5.91916561126709,
    "accuracy": 0.5588235259056091
}