{
    "loss": 0.01654726080596447,
    "accuracy": 0.9901960492134094
}